,youtubeId,fileName
x,1hWSnSPc1T4,y2mate.com - 10_tuned_cars_that_sounds_like_a_gun_1hWSnSPc1T4_320kbps.mp3
x,LQ948Ha5lwA,y2mate.com - 200mw_violet_laser_pointer_pop_balloon_LQ948Ha5lwA_320kbps.mp3
x,9VKyBHpmVhQ,y2mate.com - 3_laser_tripod_200mw_red_laser_doing_distance_balloon_pop_9VKyBHpmVhQ_320kbps.mp3
x,oK0EdI_RluY,y2mate.com - 400_meter_shot_with_an_mp_9mm_pistol_by_champion_shooter_jerry_miculek_oK0EdI_RluY_320kbps.mp3
x,QK081U7yVME,y2mate.com - best_of_anti_lag_backfire_sounds_exhaust_pops_crackles_QK081U7yVME_320kbps_scr_1.56_8.53.mp3
x,b5BGdP300RA,y2mate.com - call_6_indiana_state_police_investigate_how_far_away_gunshots_can_be_heard_b5BGdP300RA_320kbps.mp3
x,Mq6UWvxrjIk,y2mate.com - can_you_tell_the_difference_between_fireworks_and_gunshots_Mq6UWvxrjIk_320kbps.mp3
x,oYqPAkCZfiI,y2mate.com - can_you_tell_the_difference_between_gunshots_and_fireworks_oYqPAkCZfiI_320kbps.mp3
x,biAVdBLbZJM,y2mate.com - chicago_roman_candle_streetwar_biAVdBLbZJM_320kbps.mp3
x,d3VTR01vpqQ,y2mate.com - difference_between_sound_of_fireworks_and_gunshots_d3VTR01vpqQ_320kbps.mp3
x,v_5CdWLGjUk,y2mate.com - dont_try_this_at_home_tire_blow_out_v_5CdWLGjUk_320kbps_1.30.mp3
x,ZnUPVDQidmA,y2mate.com - engine_backfire_loud_pops_ZnUPVDQidmA_320kbps.mp3
x,oOSEApuzQQI,y2mate.com - epic_tire_blowout_compilation_tire_explosion_compilation_oOSEApuzQQI_320kbps_8.16_10.35.mp3
x,dot_OEi89lg,y2mate.com - extra_gunshot_noise_demonstration_dot_OEi89lg.mp3
x,qFJtLL1t0bY,y2mate.com - fear_3_gun_audio_behind_the_scenes_trailer_qFJtLL1t0bY_320kbps.mp3
x,fNL7vPKKbo4,y2mate.com - fireworks_are_often_mistaken_for_gunshots_on_fourth_of_july_kvue_fNL7vPKKbo4_320kbps.mp3
x,17JXsW_JCT0,y2mate.com - fireworks_or_gunfire_17JXsW_JCT0_320kbps.mp3
x,edgQdjQOtwo,y2mate.com - gunfire_and_loud_bangs_heard_across_the_border_edgQdjQOtwo_320kbps.mp3
x,aU8f5-MnCu4,y2mate.com - how_far_away_can_you_hear_a_gunshot_aU8f5-MnCu4_320kbps.mp3
x,6ISkVMXAH8E,y2mate.com - how_loud_is_a_gunshot_6ISkVMXAH8E_320kbps.mp3
x,lduyitPDQjY,y2mate.com - how_to_recognize_gunfire_sound_of_gun_shots_lduyitPDQjY_320kbps.mp3
x,ZuFZ6uE9J0s,y2mate.com - how_to_tell_the_difference_between_gunshots_and_fireworks_ZuFZ6uE9J0s_320kbps.mp3
x,9alAw7uN_1Q,y2mate.com - hunting_with_a_silencer_on_your_pistol_shorter_barrel_length_allows_for_wider_ammo_choices_9alAw7uN_1Q_320kbps.mp3
x,3r_Fsc69jfM,y2mate.com - las_vegas_shooting_gunshots_sounded_like_fireworks_3r_Fsc69jfM_320kbps.mp3
x,yNycBhiVAus,y2mate.com - long_distance_training_with_a_revolver_yNycBhiVAus_320kbps.mp3
x,50A3_SshgWo,y2mate.com - long_range_shooting_with_22_lr_range_test_50A3_SshgWo_320kbps.mp3
x,cdTNsFbge8c,y2mate.com - my_first_rounds_at_a_gun_range_cdTNsFbge8c_320kbps.mp3
x,x8bMvCYOn6A,y2mate.com - night_shots_of_gaza_city_with_sound_of_gunfire_smoke_in_distance_x8bMvCYOn6A_320kbps.mp3
x,_kFLk4hUiZQ,y2mate.com - russia_see_record_breaking_long_range_twilight_sniper_rifle_hit_the_target_in_tarusa__kFLk4hUiZQ_320kbps.mp3
x,KkfpV1QnGH0,y2mate.com - sound_of_gunfire_is_new_normal_in_homs_KkfpV1QnGH0_320kbps_beginning only.mp3
x,i1lV-TXnhGo,y2mate.com - stay_down_video_shows_gunfire_at_baseball_practice_i1lV-TXnhGo_320kbps.mp3
x,Q_m4-ed0tmU,y2mate.com - swat_cops_mistake_hondas_launch_control_for_ak47_machine_gun_fire_Q_m4-ed0tmU_320kbps.mp3
x,11_1BKPbMQIr78,y2mate.com - the_craziest_exhaust_explosive_soundantilag_backfire_compilation_11_1BKPbMQIr78_320kbps.mp3
x,XW_qYaeVQMU,y2mate.com - tire_explodes_XW_qYaeVQMU_320kbps_0.40.mp3
x,PX8g4T3ULH8,y2mate.com - watch_live_july_4th_boston_fireworks_PX8g4T3ULH8_320kbps.mp3
x,KRsSWlOp8E4,y2mate.com - whats_it_sound_like_to_be_shot_at_from_a_mile_away_KRsSWlOp8E4.mp3
x,EzY30Ah8bKY,y2mate.com - world_record_submission_100_laser_balloon_popping_dominoes_wicked_lasers_s3_krypton_750mw_EzY30Ah8bKY_320kbps.mp3